{
    
    "display": {

        "title": {

            "text": "Doctor, what's that ?",

            "color": "dark_purple",

            "bold": true,

            "italic": false,

            "obfuscated": false

        },

        "description": {

            "text": "You're infected. Good luck !"

        },

        "icon": {

            "item": "minecraft:rotten_flesh"

        },

        "frame": "task",

        "show_toast": true,

        "announce_to_chat": false,

        "hidden": false,

        "background": "minecraft:textures/gui/advancements/backgrounds/stone.png"

    },

    "criteria": {

        "Caught the plague": {

            "trigger": "minecraft:player_killed_entity",

            "conditions": {

                "entity": {

                    "type": "minecraft:bat"

                },

                "killing_blow": {

                    "direct_entity": {

                        "type": "minecraft:player"

                    }

                }

            }

        }

    },

    "rewards": {

        "function": "plague:contract"

    }

}